INSERT INTO SALESPERSON (SID, SNAME, SADDRESS, SPHONENUMBER, SEXPERIENCE) VALUES (1, 'Maria Fortner', '750, Rainbow Drive, Youngstown', 25037060, 4);
INSERT INTO SALESPERSON (SID, SNAME, SADDRESS, SPHONENUMBER, SEXPERIENCE) VALUES (2, 'John Smith', '4718, Wildrose Lane, Bloomfield Township', 28592710, 2);
INSERT INTO SALESPERSON (SID, SNAME, SADDRESS, SPHONENUMBER, SEXPERIENCE) VALUES (3, 'Colin Carlin', '2564, Vesta Drive, Chicago', 27689679, 1);
INSERT INTO SALESPERSON (SID, SNAME, SADDRESS, SPHONENUMBER, SEXPERIENCE) VALUES (4, 'Kimberly Wooldridge', '1549, McKinley Avenue, Denver', 28366016, 2);

INSERT INTO CATEGORY (CID, CNAME) VALUES (1, 'CPU');
INSERT INTO CATEGORY (CID, CNAME) VALUES (2, 'Motherboard');
INSERT INTO CATEGORY (CID, CNAME) VALUES (3, 'RAM');
INSERT INTO CATEGORY (CID, CNAME) VALUES (4, 'Storage');
INSERT INTO CATEGORY (CID, CNAME) VALUES (5, 'Power Supply');
INSERT INTO CATEGORY (CID, CNAME) VALUES (6, 'GPU');
INSERT INTO CATEGORY (CID, CNAME) VALUES (7, 'Audio');
INSERT INTO CATEGORY (CID, CNAME) VALUES (8, 'Network');
INSERT INTO CATEGORY (CID, CNAME) VALUES (9, 'Notebook');

INSERT INTO MANUFACTURER (MID, MNAME, MADDRESS, MPHONENUMBER) VALUES (1, 'Intel', '2200 Mission College Blvd. Santa Clara, CA, USA', 27658080);
INSERT INTO MANUFACTURER (MID, MNAME, MADDRESS, MPHONENUMBER) VALUES (2, 'AMD', 'One AMD Place P.O. Box 3453 Sunnyvale, CA, USA', 27494000);
INSERT INTO MANUFACTURER (MID, MNAME, MADDRESS, MPHONENUMBER) VALUES (3, 'Gigabyte', '6 Bao Chiang Road, Taipei, Taiwan', 89124000);
INSERT INTO MANUFACTURER (MID, MNAME, MADDRESS, MPHONENUMBER) VALUES (4, 'MSI', '69 Lide Street, Taipei, Taiwan', 32345599);
INSERT INTO MANUFACTURER (MID, MNAME, MADDRESS, MPHONENUMBER) VALUES (5, 'Biostar', '18551 East Gale Avenue, City of Industry, CA, USA', 25811055);
INSERT INTO MANUFACTURER (MID, MNAME, MADDRESS, MPHONENUMBER) VALUES (6, 'Transcend', '70 XingZhong Road, Taipei, Taiwan', 27928000);
INSERT INTO MANUFACTURER (MID, MNAME, MADDRESS, MPHONENUMBER) VALUES (7, 'Corsair', '46221 Landing Parkway, Fremont, CA, USA', 28575518);
INSERT INTO MANUFACTURER (MID, MNAME, MADDRESS, MPHONENUMBER) VALUES (8, 'Seagate', '10200 S. De Anza Blvd, Cupertino, CA, USA', 27324283);
INSERT INTO MANUFACTURER (MID, MNAME, MADDRESS, MPHONENUMBER) VALUES (9, 'Antec', '47900 Fremont Blvd. Fremont, CA, USA', 27701200);
INSERT INTO MANUFACTURER (MID, MNAME, MADDRESS, MPHONENUMBER) VALUES (10, 'Creative', '1523 Cimarron Plaza, Stillwater, OK, USA', 27426622);
INSERT INTO MANUFACTURER (MID, MNAME, MADDRESS, MPHONENUMBER) VALUES (11, 'Belkin', '12045 E. Waterfront Drive Playa Vista, CA, USA', 27515100);
INSERT INTO MANUFACTURER (MID, MNAME, MADDRESS, MPHONENUMBER) VALUES (12, 'HP', '3000 Hanover Street Palo Alto, CA, USA', 28575518);
INSERT INTO MANUFACTURER (MID, MNAME, MADDRESS, MPHONENUMBER) VALUES (13, 'Lenovo', '1009 Think Place, Morrisville, NC, USA', 29684465);

INSERT INTO PART (PID, PNAME, PPRICE, MID, CID, PWARRANTYPERIOD, PAVAILABLEQUANTITY) VALUES (1, 'AMD FX-8320', 1199, 2, 1, 36, 99);
INSERT INTO PART (PID, PNAME, PPRICE, MID, CID, PWARRANTYPERIOD, PAVAILABLEQUANTITY) VALUES (2, 'AMD A8 5600K', 710, 2, 1, 36, 99);
INSERT INTO PART (PID, PNAME, PPRICE, MID, CID, PWARRANTYPERIOD, PAVAILABLEQUANTITY) VALUES (3, 'CORE I3-3250', 1088, 1, 1, 36, 99);
INSERT INTO PART (PID, PNAME, PPRICE, MID, CID, PWARRANTYPERIOD, PAVAILABLEQUANTITY) VALUES (4, 'CORE I7-4820K', 2599, 1, 1, 36, 99);
INSERT INTO PART (PID, PNAME, PPRICE, MID, CID, PWARRANTYPERIOD, PAVAILABLEQUANTITY) VALUES (5, 'GA-H87N-WIFI', 999, 3, 2, 12, 99);
INSERT INTO PART (PID, PNAME, PPRICE, MID, CID, PWARRANTYPERIOD, PAVAILABLEQUANTITY) VALUES (6, 'G1.SNIPER 5', 3299, 3, 2, 12, 99);
INSERT INTO PART (PID, PNAME, PPRICE, MID, CID, PWARRANTYPERIOD, PAVAILABLEQUANTITY) VALUES (7, 'MSI Z87-G43', 1050, 4, 2, 12, 99);
INSERT INTO PART (PID, PNAME, PPRICE, MID, CID, PWARRANTYPERIOD, PAVAILABLEQUANTITY) VALUES (8, 'NM70I-1037U', 579, 5, 2, 12, 99);
INSERT INTO PART (PID, PNAME, PPRICE, MID, CID, PWARRANTYPERIOD, PAVAILABLEQUANTITY) VALUES (9, 'H61-BF UATX', 420, 1, 2, 12, 99);
INSERT INTO PART (PID, PNAME, PPRICE, MID, CID, PWARRANTYPERIOD, PAVAILABLEQUANTITY) VALUES (10, 'Z87 XPOWER', 3899, 4, 2, 12, 99);
INSERT INTO PART (PID, PNAME, PPRICE, MID, CID, PWARRANTYPERIOD, PAVAILABLEQUANTITY) VALUES (11, '8GB DDR3', 530, 6, 3, 60, 99);
INSERT INTO PART (PID, PNAME, PPRICE, MID, CID, PWARRANTYPERIOD, PAVAILABLEQUANTITY) VALUES (12, '16GB DDR3', 1760, 7, 3, 60, 99);
INSERT INTO PART (PID, PNAME, PPRICE, MID, CID, PWARRANTYPERIOD, PAVAILABLEQUANTITY) VALUES (13, 'SV35 2TB', 730, 8, 4, 60, 99);
INSERT INTO PART (PID, PNAME, PPRICE, MID, CID, PWARRANTYPERIOD, PAVAILABLEQUANTITY) VALUES (14, 'SSHD 1TB', 720, 8, 4, 60, 99);
INSERT INTO PART (PID, PNAME, PPRICE, MID, CID, PWARRANTYPERIOD, PAVAILABLEQUANTITY) VALUES (15, '256GB NEUTRON', 1650, 7, 4, 60, 99);
INSERT INTO PART (PID, PNAME, PPRICE, MID, CID, PWARRANTYPERIOD, PAVAILABLEQUANTITY) VALUES (16, 'CX-430M 430W', 399, 7, 5, 60, 99);
INSERT INTO PART (PID, PNAME, PPRICE, MID, CID, PWARRANTYPERIOD, PAVAILABLEQUANTITY) VALUES (17, 'HCG 520W', 539, 9, 5, 60, 99);
INSERT INTO PART (PID, PNAME, PPRICE, MID, CID, PWARRANTYPERIOD, PAVAILABLEQUANTITY) VALUES (18, 'NEO ECO 450C-BR', 439, 9, 5, 60, 99);
INSERT INTO PART (PID, PNAME, PPRICE, MID, CID, PWARRANTYPERIOD, PAVAILABLEQUANTITY) VALUES (19, 'GTX650TI', 1299, 3, 6, 36, 99);
INSERT INTO PART (PID, PNAME, PPRICE, MID, CID, PWARRANTYPERIOD, PAVAILABLEQUANTITY) VALUES (20, 'HD7770 1GB', 850, 3, 6, 36, 99);
INSERT INTO PART (PID, PNAME, PPRICE, MID, CID, PWARRANTYPERIOD, PAVAILABLEQUANTITY) VALUES (21, 'N760 HAWK', 2199, 4, 6, 36, 99);
INSERT INTO PART (PID, PNAME, PPRICE, MID, CID, PWARRANTYPERIOD, PAVAILABLEQUANTITY) VALUES (22, 'R7770-PMD', 899, 4, 6, 36, 99);
INSERT INTO PART (PID, PNAME, PPRICE, MID, CID, PWARRANTYPERIOD, PAVAILABLEQUANTITY) VALUES (23, 'Sound Blaster Play', 195, 10, 7, 12, 99);
INSERT INTO PART (PID, PNAME, PPRICE, MID, CID, PWARRANTYPERIOD, PAVAILABLEQUANTITY) VALUES (24, 'Sound Blaster XZ', 1250, 10, 7, 12, 99);
INSERT INTO PART (PID, PNAME, PPRICE, MID, CID, PWARRANTYPERIOD, PAVAILABLEQUANTITY) VALUES (25, 'AC1200 DB', 1070, 11, 8, 12, 99);
INSERT INTO PART (PID, PNAME, PPRICE, MID, CID, PWARRANTYPERIOD, PAVAILABLEQUANTITY) VALUES (26, 'N600 Router', 488, 11, 8, 12, 99);
INSERT INTO PART (PID, PNAME, PPRICE, MID, CID, PWARRANTYPERIOD, PAVAILABLEQUANTITY) VALUES (27, 'HP 2000 2D18TU', 3109, 12, 9, 18, 99);
INSERT INTO PART (PID, PNAME, PPRICE, MID, CID, PWARRANTYPERIOD, PAVAILABLEQUANTITY) VALUES (28, 'ENVY 17 J002TX', 10898, 12, 9, 18, 99);
INSERT INTO PART (PID, PNAME, PPRICE, MID, CID, PWARRANTYPERIOD, PAVAILABLEQUANTITY) VALUES (29, 'Probook 440', 6880, 12, 9, 18, 99);
INSERT INTO PART (PID, PNAME, PPRICE, MID, CID, PWARRANTYPERIOD, PAVAILABLEQUANTITY) VALUES (30, 'G580G i5 3230', 4499, 13, 9, 18, 99);
INSERT INTO PART (PID, PNAME, PPRICE, MID, CID, PWARRANTYPERIOD, PAVAILABLEQUANTITY) VALUES (31, 'Flex 15 Core I5', 7980, 13, 9, 18, 99);
INSERT INTO PART (PID, PNAME, PPRICE, MID, CID, PWARRANTYPERIOD, PAVAILABLEQUANTITY) VALUES (32, 'G710A i7 4702', 6509, 13, 9, 18, 99);

INSERT INTO TRANSACTION (TID, PID, SID, TDATE) VALUES (1, 1, 1, '13/09/2016');
INSERT INTO TRANSACTION (TID, PID, SID, TDATE) VALUES (2, 2, 2, '02/08/2016');
INSERT INTO TRANSACTION (TID, PID, SID, TDATE) VALUES (3, 3, 3, '07/11/2016');
INSERT INTO TRANSACTION (TID, PID, SID, TDATE) VALUES (4, 4, 4, '08/11/2016');
INSERT INTO TRANSACTION (TID, PID, SID, TDATE) VALUES (5, 5, 1, '20/09/2016');
INSERT INTO TRANSACTION (TID, PID, SID, TDATE) VALUES (6, 6, 2, '04/10/2016');
INSERT INTO TRANSACTION (TID, PID, SID, TDATE) VALUES (7, 7, 3, '01/08/2016');
INSERT INTO TRANSACTION (TID, PID, SID, TDATE) VALUES (8, 8, 4, '07/10/2016');
INSERT INTO TRANSACTION (TID, PID, SID, TDATE) VALUES (9, 11, 1, '21/10/2016');
INSERT INTO TRANSACTION (TID, PID, SID, TDATE) VALUES (10, 12, 2, '04/08/2016');
INSERT INTO TRANSACTION (TID, PID, SID, TDATE) VALUES (11, 11, 3, '12/11/2016');
INSERT INTO TRANSACTION (TID, PID, SID, TDATE) VALUES (12, 12, 4, '09/10/2016');
INSERT INTO TRANSACTION (TID, PID, SID, TDATE) VALUES (13, 13, 1, '03/11/2016');
INSERT INTO TRANSACTION (TID, PID, SID, TDATE) VALUES (14, 14, 2, '10/09/2016');
INSERT INTO TRANSACTION (TID, PID, SID, TDATE) VALUES (15, 15, 3, '28/11/2016');
INSERT INTO TRANSACTION (TID, PID, SID, TDATE) VALUES (16, 13, 4, '21/11/2016');
INSERT INTO TRANSACTION (TID, PID, SID, TDATE) VALUES (17, 16, 1, '21/10/2016');
INSERT INTO TRANSACTION (TID, PID, SID, TDATE) VALUES (18, 17, 2, '16/08/2016');
INSERT INTO TRANSACTION (TID, PID, SID, TDATE) VALUES (19, 18, 3, '11/09/2016');
INSERT INTO TRANSACTION (TID, PID, SID, TDATE) VALUES (20, 16, 4, '30/09/2016');
INSERT INTO TRANSACTION (TID, PID, SID, TDATE) VALUES (21, 19, 1, '24/11/2016');
INSERT INTO TRANSACTION (TID, PID, SID, TDATE) VALUES (22, 20, 2, '17/10/2016');
INSERT INTO TRANSACTION (TID, PID, SID, TDATE) VALUES (23, 21, 3, '13/09/2016');
INSERT INTO TRANSACTION (TID, PID, SID, TDATE) VALUES (24, 22, 4, '03/09/2016');
INSERT INTO TRANSACTION (TID, PID, SID, TDATE) VALUES (25, 23, 1, '02/10/2016');
INSERT INTO TRANSACTION (TID, PID, SID, TDATE) VALUES (26, 24, 2, '15/08/2016');
INSERT INTO TRANSACTION (TID, PID, SID, TDATE) VALUES (27, 23, 3, '15/10/2016');
INSERT INTO TRANSACTION (TID, PID, SID, TDATE) VALUES (28, 24, 4, '26/11/2016');
INSERT INTO TRANSACTION (TID, PID, SID, TDATE) VALUES (29, 25, 1, '30/10/2016');
INSERT INTO TRANSACTION (TID, PID, SID, TDATE) VALUES (30, 26, 2, '15/11/2016');
INSERT INTO TRANSACTION (TID, PID, SID, TDATE) VALUES (31, 25, 3, '01/10/2016');
INSERT INTO TRANSACTION (TID, PID, SID, TDATE) VALUES (32, 26, 4, '21/09/2016');
INSERT INTO TRANSACTION (TID, PID, SID, TDATE) VALUES (33, 27, 1, '08/10/2016');
INSERT INTO TRANSACTION (TID, PID, SID, TDATE) VALUES (34, 28, 2, '18/08/2016');
INSERT INTO TRANSACTION (TID, PID, SID, TDATE) VALUES (35, 29, 3, '20/10/2016');
INSERT INTO TRANSACTION (TID, PID, SID, TDATE) VALUES (36, 30, 4, '02/10/2016');
